timestamp,unit_id,temperature,humidity,energy_consumption,error_code
2024-01-15 00:00:00,UNIT_001,63.53,59.5,2.78,0
2024-01-15 00:00:00,UNIT_002,65.81,66.7,2.46,0
2024-01-15 00:00:00,UNIT_003,62.31,63.5,2.39,0
2024-01-15 00:05:00,UNIT_001,67.18,64.2,0.5,0
2024-01-15 00:05:00,UNIT_002,66.19,59.1,2.3,0
2024-01-15 00:05:00,UNIT_003,64.5,68.7,2.75,0
2024-01-15 00:10:00,UNIT_001,65.79,67.8,2.17,0
2024-01-15 00:10:00,UNIT_002,65.0,63.1,2.67,2
2024-01-15 00:10:00,UNIT_003,63.56,63.1,2.35,0
2024-01-15 00:15:00,UNIT_001,65.28,63.3,3.03,0
2024-01-15 00:15:00,UNIT_002,65.59,65.2,2.55,0
2024-01-15 00:15:00,UNIT_003,64.97,69.0,2.77,0
2024-01-15 00:20:00,UNIT_001,67.34,67.6,0.5,0
2024-01-15 00:20:00,UNIT_002,64.64,59.2,3.01,0
2024-01-15 00:20:00,UNIT_003,65.48,59.0,2.42,0
2024-01-15 00:25:00,UNIT_001,64.58,63.9,2.32,0
2024-01-15 00:25:00,UNIT_002,62.11,60.6,2.07,0
2024-01-15 00:25:00,UNIT_003,63.82,61.6,2.54,0
2024-01-15 00:30:00,UNIT_001,64.55,55.1,1.87,0
2024-01-15 00:30:00,UNIT_002,64.62,70.0,2.71,0
2024-01-15 00:30:00,UNIT_003,67.5,69.1,0.5,0
2024-01-15 00:35:00,UNIT_001,65.67,62.2,2.77,0
2024-01-15 00:35:00,UNIT_002,61.81,67.8,2.36,0
2024-01-15 00:35:00,UNIT_003,65.95,70.0,2.29,0
2024-01-15 00:40:00,UNIT_001,62.49,65.7,2.51,0
2024-01-15 00:40:00,UNIT_002,64.39,57.8,2.84,0
2024-01-15 00:40:00,UNIT_003,64.8,66.6,2.53,2
2024-01-15 00:45:00,UNIT_001,67.39,66.5,0.5,0
2024-01-15 00:45:00,UNIT_002,64.81,59.7,2.77,0
2024-01-15 00:45:00,UNIT_003,61.33,68.7,2.18,0
2024-01-15 00:50:00,UNIT_001,65.14,64.8,3.24,0
2024-01-15 00:50:00,UNIT_002,64.37,70.0,2.32,0
2024-01-15 00:50:00,UNIT_003,64.04,63.5,2.34,0
2024-01-15 00:55:00,UNIT_001,63.88,66.0,2.29,0
2024-01-15 00:55:00,UNIT_002,60.47,60.5,2.58,0
2024-01-15 00:55:00,UNIT_003,64.87,65.4,2.37,0
2024-01-15 01:00:00,UNIT_001,67.23,61.3,0.5,0
2024-01-15 01:00:00,UNIT_002,65.18,65.6,2.41,0
2024-01-15 01:00:00,UNIT_003,65.61,65.1,2.42,0
2024-01-15 01:05:00,UNIT_001,65.41,61.4,2.74,0
2024-01-15 01:05:00,UNIT_002,63.24,61.4,2.44,0
2024-01-15 01:05:00,UNIT_003,64.95,58.5,3.08,2
2024-01-15 01:10:00,UNIT_001,62.57,66.4,2.49,0
2024-01-15 01:10:00,UNIT_002,64.46,55.6,2.71,0
2024-01-15 01:10:00,UNIT_003,67.16,63.3,0.5,2
2024-01-15 01:15:00,UNIT_001,63.43,59.1,2.49,0
2024-01-15 01:15:00,UNIT_002,64.71,68.6,2.47,0
2024-01-15 01:15:00,UNIT_003,64.69,61.4,2.94,0
2024-01-15 01:20:00,UNIT_001,64.62,65.0,2.72,0
2024-01-15 01:20:00,UNIT_002,63.62,65.0,2.57,0
2024-01-15 01:20:00,UNIT_003,63.05,59.1,2.67,0
2024-01-15 01:25:00,UNIT_001,63.83,63.5,2.61,0
2024-01-15 01:25:00,UNIT_002,65.0,63.7,2.69,0
2024-01-15 01:25:00,UNIT_003,66.48,70.0,3.0,0
2024-01-15 01:30:00,UNIT_001,61.79,62.1,2.56,0
2024-01-15 01:30:00,UNIT_002,64.1,60.5,2.25,0
2024-01-15 01:30:00,UNIT_003,67.18,68.8,0.5,0
2024-01-15 01:35:00,UNIT_001,66.62,61.9,1.64,0
2024-01-15 01:35:00,UNIT_002,63.88,63.9,2.7,0
2024-01-15 01:35:00,UNIT_003,65.36,59.7,2.56,0
2024-01-15 01:40:00,UNIT_001,63.79,63.6,2.52,0
2024-01-15 01:40:00,UNIT_002,62.61,58.8,2.39,0
2024-01-15 01:40:00,UNIT_003,63.14,65.0,2.73,0
2024-01-15 01:45:00,UNIT_001,68.38,58.4,0.5,0
2024-01-15 01:45:00,UNIT_002,62.93,68.0,2.55,0
2024-01-15 01:45:00,UNIT_003,62.48,57.5,2.95,0
2024-01-15 01:50:00,UNIT_001,66.51,69.8,2.73,0
2024-01-15 01:50:00,UNIT_002,64.26,66.7,1.7,0
2024-01-15 01:50:00,UNIT_003,65.06,61.8,2.43,0
2024-01-15 01:55:00,UNIT_001,64.96,69.6,2.11,0
2024-01-15 01:55:00,UNIT_002,66.09,69.6,2.57,0
2024-01-15 01:55:00,UNIT_003,62.58,58.0,2.23,0
2024-01-15 02:00:00,UNIT_001,66.18,70.0,2.2,0
2024-01-15 02:00:00,UNIT_002,65.18,70.0,2.72,0
2024-01-15 02:00:00,UNIT_003,65.37,56.1,2.26,0
2024-01-15 02:05:00,UNIT_001,66.04,61.8,2.78,0
2024-01-15 02:05:00,UNIT_002,63.45,61.9,2.14,0
2024-01-15 02:05:00,UNIT_003,63.86,60.8,2.63,0
2024-01-15 02:10:00,UNIT_001,64.59,70.0,2.59,0
2024-01-15 02:10:00,UNIT_002,64.96,66.2,2.5,0
2024-01-15 02:10:00,UNIT_003,65.77,66.2,2.43,0
2024-01-15 02:15:00,UNIT_001,64.02,63.7,2.8,0
2024-01-15 02:15:00,UNIT_002,64.62,59.6,1.64,0
2024-01-15 02:15:00,UNIT_003,64.56,59.0,2.55,0
2024-01-15 02:20:00,UNIT_001,64.66,62.1,2.43,0
2024-01-15 02:20:00,UNIT_002,61.79,66.7,2.96,2
2024-01-15 02:20:00,UNIT_003,63.69,58.6,2.73,0
2024-01-15 02:25:00,UNIT_001,62.27,64.4,2.7,0
2024-01-15 02:25:00,UNIT_002,64.39,70.0,2.81,0
2024-01-15 02:25:00,UNIT_003,64.03,54.5,2.92,0
2024-01-15 02:30:00,UNIT_001,63.68,66.6,2.36,0
2024-01-15 02:30:00,UNIT_002,63.49,69.8,2.29,0
2024-01-15 02:30:00,UNIT_003,68.18,64.0,0.5,0
2024-01-15 02:35:00,UNIT_001,63.11,64.5,2.42,0
2024-01-15 02:35:00,UNIT_002,67.45,69.9,0.5,0
2024-01-15 02:35:00,UNIT_003,64.57,58.9,2.08,0
2024-01-15 02:40:00,UNIT_001,64.13,60.1,2.73,0
2024-01-15 02:40:00,UNIT_002,65.94,56.9,2.04,0
2024-01-15 02:40:00,UNIT_003,62.44,63.7,2.5,0
2024-01-15 02:45:00,UNIT_001,66.67,55.4,2.43,0
2024-01-15 02:45:00,UNIT_002,64.38,63.2,2.4,0
2024-01-15 02:45:00,UNIT_003,66.25,63.5,2.07,0
2024-01-15 02:50:00,UNIT_001,64.46,62.5,2.07,0
2024-01-15 02:50:00,UNIT_002,65.14,66.0,2.69,0
2024-01-15 02:50:00,UNIT_003,64.7,59.7,2.92,0
2024-01-15 02:55:00,UNIT_001,66.83,63.2,2.43,0
2024-01-15 02:55:00,UNIT_002,67.22,54.7,0.5,0
2024-01-15 02:55:00,UNIT_003,64.47,58.5,2.48,0
2024-01-15 03:00:00,UNIT_001,67.47,60.1,0.5,0
2024-01-15 03:00:00,UNIT_002,63.67,62.9,2.18,0
2024-01-15 03:00:00,UNIT_003,61.92,59.4,2.79,0
2024-01-15 03:05:00,UNIT_001,66.23,70.0,2.45,0
2024-01-15 03:05:00,UNIT_002,66.86,62.1,2.32,0
2024-01-15 03:05:00,UNIT_003,61.36,60.8,2.58,0
2024-01-15 03:10:00,UNIT_001,64.24,57.6,2.74,0
2024-01-15 03:10:00,UNIT_002,63.76,59.4,2.55,0
2024-01-15 03:10:00,UNIT_003,64.21,60.4,2.78,0
2024-01-15 03:15:00,UNIT_001,63.23,56.8,2.92,0
2024-01-15 03:15:00,UNIT_002,61.98,59.4,2.56,0
2024-01-15 03:15:00,UNIT_003,61.47,64.4,2.12,0
2024-01-15 03:20:00,UNIT_001,66.78,59.7,2.37,0
2024-01-15 03:20:00,UNIT_002,63.89,59.3,2.22,0
2024-01-15 03:20:00,UNIT_003,62.93,54.9,2.03,0
2024-01-15 03:25:00,UNIT_001,62.42,54.6,2.27,0
2024-01-15 03:25:00,UNIT_002,64.18,57.8,2.59,0
2024-01-15 03:25:00,UNIT_003,65.7,67.4,2.19,0
2024-01-15 03:30:00,UNIT_001,65.71,65.5,2.52,0
2024-01-15 03:30:00,UNIT_002,63.07,65.2,2.68,0
2024-01-15 03:30:00,UNIT_003,62.13,65.0,2.48,0
2024-01-15 03:35:00,UNIT_001,65.11,55.0,2.73,0
2024-01-15 03:35:00,UNIT_002,65.74,61.2,2.25,0
2024-01-15 03:35:00,UNIT_003,66.62,53.3,2.66,0
2024-01-15 03:40:00,UNIT_001,63.41,54.9,2.26,0
2024-01-15 03:40:00,UNIT_002,64.15,59.2,3.07,0
2024-01-15 03:40:00,UNIT_003,63.45,58.8,2.27,0
2024-01-15 03:45:00,UNIT_001,65.19,56.3,2.46,0
2024-01-15 03:45:00,UNIT_002,66.11,50.4,2.76,0
2024-01-15 03:45:00,UNIT_003,65.06,59.6,2.42,0
2024-01-15 03:50:00,UNIT_001,66.24,62.1,2.32,0
2024-01-15 03:50:00,UNIT_002,62.93,64.1,2.85,0
2024-01-15 03:50:00,UNIT_003,65.64,53.4,1.73,0
2024-01-15 03:55:00,UNIT_001,64.19,64.9,2.23,0
2024-01-15 03:55:00,UNIT_002,66.7,56.2,2.16,0
2024-01-15 03:55:00,UNIT_003,63.67,61.4,2.33,0
2024-01-15 04:00:00,UNIT_001,63.8,61.3,2.6,0
2024-01-15 04:00:00,UNIT_002,67.11,52.9,0.5,0
2024-01-15 04:00:00,UNIT_003,62.76,52.0,2.52,0
2024-01-15 04:05:00,UNIT_001,66.53,55.3,2.57,0
2024-01-15 04:05:00,UNIT_002,64.88,59.1,2.96,0
2024-01-15 04:05:00,UNIT_003,65.95,69.0,2.82,0
2024-01-15 04:10:00,UNIT_001,65.35,63.1,2.61,0
2024-01-15 04:10:00,UNIT_002,66.14,56.5,2.43,0
2024-01-15 04:10:00,UNIT_003,66.84,56.4,2.58,0
2024-01-15 04:15:00,UNIT_001,63.63,57.4,2.28,0
2024-01-15 04:15:00,UNIT_002,65.58,58.7,3.01,0
2024-01-15 04:15:00,UNIT_003,69.19,61.4,0.5,0
2024-01-15 04:20:00,UNIT_001,66.74,68.9,2.03,0
2024-01-15 04:20:00,UNIT_002,63.55,48.0,2.42,0
2024-01-15 04:20:00,UNIT_003,65.21,46.0,2.55,0
2024-01-15 04:25:00,UNIT_001,62.39,63.5,2.62,0
2024-01-15 04:25:00,UNIT_002,66.12,54.2,1.89,0
2024-01-15 04:25:00,UNIT_003,63.81,55.3,2.65,0
2024-01-15 04:30:00,UNIT_001,66.31,54.6,2.01,0
2024-01-15 04:30:00,UNIT_002,65.5,57.6,2.8,0
2024-01-15 04:30:00,UNIT_003,68.77,54.5,0.5,0
2024-01-15 04:35:00,UNIT_001,68.21,50.0,0.5,0
2024-01-15 04:35:00,UNIT_002,65.59,56.7,2.52,0
2024-01-15 04:35:00,UNIT_003,67.64,41.4,0.5,0
2024-01-15 04:40:00,UNIT_001,67.82,56.9,0.5,0
2024-01-15 04:40:00,UNIT_002,66.16,53.7,2.75,0
2024-01-15 04:40:00,UNIT_003,66.47,55.7,2.94,0
2024-01-15 04:45:00,UNIT_001,66.07,62.2,2.36,0
2024-01-15 04:45:00,UNIT_002,63.4,58.6,2.01,0
2024-01-15 04:45:00,UNIT_003,69.53,57.2,0.5,0
2024-01-15 04:50:00,UNIT_001,66.06,46.5,2.68,2
2024-01-15 04:50:00,UNIT_002,66.83,52.7,2.0,0
2024-01-15 04:50:00,UNIT_003,66.17,55.9,2.42,0
2024-01-15 04:55:00,UNIT_001,65.93,57.9,2.59,0
2024-01-15 04:55:00,UNIT_002,65.33,49.6,2.82,0
2024-01-15 04:55:00,UNIT_003,68.91,53.3,0.5,0
2024-01-15 05:00:00,UNIT_001,63.89,54.8,2.31,0
2024-01-15 05:00:00,UNIT_002,65.54,54.2,2.68,0
2024-01-15 05:00:00,UNIT_003,66.31,60.7,2.82,0
2024-01-15 05:05:00,UNIT_001,66.13,56.9,2.58,2
2024-01-15 05:05:00,UNIT_002,66.45,62.7,2.35,0
2024-01-15 05:05:00,UNIT_003,65.13,50.4,2.4,0
2024-01-15 05:10:00,UNIT_001,66.43,61.5,2.15,0
2024-01-15 05:10:00,UNIT_002,64.47,57.2,2.47,0
2024-01-15 05:10:00,UNIT_003,66.68,52.8,3.13,0
2024-01-15 05:15:00,UNIT_001,66.87,51.9,2.41,0
2024-01-15 05:15:00,UNIT_002,63.87,52.6,2.93,0
2024-01-15 05:15:00,UNIT_003,68.67,46.0,0.5,0
2024-01-15 05:20:00,UNIT_001,69.08,58.5,0.5,0
2024-01-15 05:20:00,UNIT_002,66.72,54.0,2.69,0
2024-01-15 05:20:00,UNIT_003,64.31,49.4,2.6,0
2024-01-15 05:25:00,UNIT_001,65.52,51.5,2.17,0
2024-01-15 05:25:00,UNIT_002,67.05,49.5,0.5,0
2024-01-15 05:25:00,UNIT_003,67.23,57.6,0.5,0
2024-01-15 05:30:00,UNIT_001,68.55,54.7,0.5,0
2024-01-15 05:30:00,UNIT_002,66.17,62.0,2.61,0
2024-01-15 05:30:00,UNIT_003,67.15,60.5,0.5,0
2024-01-15 05:35:00,UNIT_001,68.45,50.1,0.5,0
2024-01-15 05:35:00,UNIT_002,67.39,51.9,0.5,0
2024-01-15 05:35:00,UNIT_003,68.28,53.8,0.5,0
2024-01-15 05:40:00,UNIT_001,68.25,51.0,0.5,0
2024-01-15 05:40:00,UNIT_002,69.39,48.3,0.5,0
2024-01-15 05:40:00,UNIT_003,68.38,49.8,0.5,0
2024-01-15 05:45:00,UNIT_001,69.3,49.0,0.5,0
2024-01-15 05:45:00,UNIT_002,64.41,53.8,2.74,0
2024-01-15 05:45:00,UNIT_003,64.4,48.7,2.51,0
2024-01-15 05:50:00,UNIT_001,68.04,47.4,0.5,0
2024-01-15 05:50:00,UNIT_002,66.42,43.5,1.87,0
2024-01-15 05:50:00,UNIT_003,68.05,55.3,0.5,0
2024-01-15 05:55:00,UNIT_001,64.45,46.1,2.29,0
2024-01-15 05:55:00,UNIT_002,69.13,53.2,0.5,0
2024-01-15 05:55:00,UNIT_003,68.86,57.3,0.5,0
2024-01-15 06:00:00,UNIT_001,69.97,51.5,0.5,0
2024-01-15 06:00:00,UNIT_002,67.59,53.9,0.5,2
2024-01-15 06:00:00,UNIT_003,67.13,42.2,0.5,0
2024-01-15 06:05:00,UNIT_001,67.6,41.4,0.5,0
2024-01-15 06:05:00,UNIT_002,67.19,51.4,0.5,0
2024-01-15 06:05:00,UNIT_003,65.64,50.8,2.25,0
2024-01-15 06:10:00,UNIT_001,64.76,47.8,2.7,0
2024-01-15 06:10:00,UNIT_002,68.55,45.8,0.5,0
2024-01-15 06:10:00,UNIT_003,70.22,51.9,0.5,0
2024-01-15 06:15:00,UNIT_001,66.19,57.7,2.65,0
2024-01-15 06:15:00,UNIT_002,67.48,56.1,0.5,0
2024-01-15 06:15:00,UNIT_003,69.23,54.3,0.5,0
2024-01-15 06:20:00,UNIT_001,72.49,54.1,0.5,0
2024-01-15 06:20:00,UNIT_002,67.48,45.6,0.5,0
2024-01-15 06:20:00,UNIT_003,66.52,53.0,2.33,0
2024-01-15 06:25:00,UNIT_001,70.18,49.6,0.5,0
2024-01-15 06:25:00,UNIT_002,69.52,47.0,0.5,0
2024-01-15 06:25:00,UNIT_003,68.73,45.5,0.5,0
2024-01-15 06:30:00,UNIT_001,69.27,45.8,0.5,0
2024-01-15 06:30:00,UNIT_002,66.91,49.3,2.11,0
2024-01-15 06:30:00,UNIT_003,68.88,45.9,0.5,0
2024-01-15 06:35:00,UNIT_001,69.05,45.7,0.5,0
2024-01-15 06:35:00,UNIT_002,68.97,49.4,0.5,0
2024-01-15 06:35:00,UNIT_003,69.29,41.5,0.5,0
2024-01-15 06:40:00,UNIT_001,72.55,47.9,0.5,0
2024-01-15 06:40:00,UNIT_002,67.66,48.3,0.5,0
2024-01-15 06:40:00,UNIT_003,69.19,41.6,0.5,0
2024-01-15 06:45:00,UNIT_001,73.3,49.2,2.16,0
2024-01-15 06:45:00,UNIT_002,67.4,49.2,0.5,0
2024-01-15 06:45:00,UNIT_003,67.87,44.8,0.5,0
2024-01-15 06:50:00,UNIT_001,71.65,52.7,0.5,0
2024-01-15 06:50:00,UNIT_002,69.37,38.0,0.5,0
2024-01-15 06:50:00,UNIT_003,66.47,47.3,2.74,0
2024-01-15 06:55:00,UNIT_001,68.13,51.0,0.5,0
2024-01-15 06:55:00,UNIT_002,70.45,39.4,0.5,0
2024-01-15 06:55:00,UNIT_003,71.35,43.2,0.5,0
2024-01-15 07:00:00,UNIT_001,69.11,49.3,0.5,0
2024-01-15 07:00:00,UNIT_002,71.16,45.2,0.5,0
2024-01-15 07:00:00,UNIT_003,69.47,50.4,0.5,0
2024-01-15 07:05:00,UNIT_001,70.03,43.0,0.5,0
2024-01-15 07:05:00,UNIT_002,70.41,49.3,0.5,0
2024-01-15 07:05:00,UNIT_003,71.03,45.9,0.5,0
2024-01-15 07:10:00,UNIT_001,68.14,51.9,0.5,0
2024-01-15 07:10:00,UNIT_002,69.41,48.2,0.5,0
2024-01-15 07:10:00,UNIT_003,70.94,44.7,0.5,0
2024-01-15 07:15:00,UNIT_001,71.32,54.9,0.5,0
2024-01-15 07:15:00,UNIT_002,69.09,51.4,0.5,0
2024-01-15 07:15:00,UNIT_003,72.06,39.5,0.5,0
2024-01-15 07:20:00,UNIT_001,69.77,43.3,0.5,0
2024-01-15 07:20:00,UNIT_002,69.05,41.6,0.5,0
2024-01-15 07:20:00,UNIT_003,68.56,61.3,0.5,0
2024-01-15 07:25:00,UNIT_001,70.69,45.7,0.5,0
2024-01-15 07:25:00,UNIT_002,70.16,41.6,0.5,0
2024-01-15 07:25:00,UNIT_003,68.95,44.8,0.5,0
2024-01-15 07:30:00,UNIT_001,71.07,39.9,0.5,0
2024-01-15 07:30:00,UNIT_002,71.33,39.4,0.5,0
2024-01-15 07:30:00,UNIT_003,67.2,42.6,0.5,0
2024-01-15 07:35:00,UNIT_001,69.93,49.1,0.5,0
2024-01-15 07:35:00,UNIT_002,71.02,40.0,0.5,0
2024-01-15 07:35:00,UNIT_003,69.36,46.0,0.5,0
2024-01-15 07:40:00,UNIT_001,72.51,51.8,0.5,0
2024-01-15 07:40:00,UNIT_002,68.5,43.5,0.5,0
2024-01-15 07:40:00,UNIT_003,71.06,41.3,0.5,0
2024-01-15 07:45:00,UNIT_001,68.68,39.9,0.5,0
2024-01-15 07:45:00,UNIT_002,68.96,41.5,0.5,0
2024-01-15 07:45:00,UNIT_003,69.52,36.6,0.5,0
2024-01-15 07:50:00,UNIT_001,71.07,51.7,0.5,1
2024-01-15 07:50:00,UNIT_002,68.17,36.0,0.5,0
2024-01-15 07:50:00,UNIT_003,67.98,44.5,0.5,0
2024-01-15 07:55:00,UNIT_001,71.09,32.2,0.5,0
2024-01-15 07:55:00,UNIT_002,71.5,49.4,0.5,0
2024-01-15 07:55:00,UNIT_003,69.35,41.9,0.5,0
2024-01-15 08:00:00,UNIT_001,71.41,45.4,0.5,0
2024-01-15 08:00:00,UNIT_002,71.26,42.5,0.5,0
2024-01-15 08:00:00,UNIT_003,70.82,42.6,0.5,0
2024-01-15 08:05:00,UNIT_001,72.49,47.4,0.5,0
2024-01-15 08:05:00,UNIT_002,68.79,34.6,0.5,0
2024-01-15 08:05:00,UNIT_003,70.62,37.3,0.5,0
2024-01-15 08:10:00,UNIT_001,69.47,34.6,0.5,0
2024-01-15 08:10:00,UNIT_002,70.92,38.0,0.5,0
2024-01-15 08:10:00,UNIT_003,71.62,43.6,0.5,0
2024-01-15 08:15:00,UNIT_001,71.49,41.6,0.5,0
2024-01-15 08:15:00,UNIT_002,70.7,47.6,0.5,0
2024-01-15 08:15:00,UNIT_003,73.48,41.0,2.24,0
2024-01-15 08:20:00,UNIT_001,70.83,46.2,0.5,0
2024-01-15 08:20:00,UNIT_002,69.01,40.9,0.5,0
2024-01-15 08:20:00,UNIT_003,71.43,47.5,0.5,0
2024-01-15 08:25:00,UNIT_001,73.22,39.2,2.52,0
2024-01-15 08:25:00,UNIT_002,70.57,39.9,0.5,0
2024-01-15 08:25:00,UNIT_003,70.87,37.3,0.5,0
2024-01-15 08:30:00,UNIT_001,69.85,38.1,0.5,0
2024-01-15 08:30:00,UNIT_002,71.44,49.0,0.5,0
2024-01-15 08:30:00,UNIT_003,71.68,36.0,0.5,0
2024-01-15 08:35:00,UNIT_001,73.76,36.7,2.44,0
2024-01-15 08:35:00,UNIT_002,72.93,44.3,0.5,0
2024-01-15 08:35:00,UNIT_003,70.86,43.1,0.5,0
2024-01-15 08:40:00,UNIT_001,73.55,37.5,2.22,0
2024-01-15 08:40:00,UNIT_002,73.72,39.4,2.3,0
2024-01-15 08:40:00,UNIT_003,72.51,49.7,0.5,0
2024-01-15 08:45:00,UNIT_001,71.49,40.0,0.5,0
2024-01-15 08:45:00,UNIT_002,73.25,38.2,2.95,0
2024-01-15 08:45:00,UNIT_003,73.24,44.6,2.25,0
2024-01-15 08:50:00,UNIT_001,71.46,37.0,0.5,0
2024-01-15 08:50:00,UNIT_002,72.67,39.2,0.5,0
2024-01-15 08:50:00,UNIT_003,73.24,33.2,2.55,0
2024-01-15 08:55:00,UNIT_001,70.96,32.4,0.5,0
2024-01-15 08:55:00,UNIT_002,73.9,40.9,2.1,0
2024-01-15 08:55:00,UNIT_003,74.57,36.9,2.82,0
2024-01-15 09:00:00,UNIT_001,71.61,35.8,0.5,3
2024-01-15 09:00:00,UNIT_002,72.46,35.2,0.5,0
2024-01-15 09:00:00,UNIT_003,73.76,33.0,2.78,0
2024-01-15 09:05:00,UNIT_001,74.48,48.0,2.65,0
2024-01-15 09:05:00,UNIT_002,70.66,35.8,0.5,0
2024-01-15 09:05:00,UNIT_003,70.52,30.6,0.5,0
2024-01-15 09:10:00,UNIT_001,73.16,39.2,2.14,0
2024-01-15 09:10:00,UNIT_002,71.04,33.4,0.5,0
2024-01-15 09:10:00,UNIT_003,73.61,28.6,2.1,0
2024-01-15 09:15:00,UNIT_001,73.03,40.3,2.66,0
2024-01-15 09:15:00,UNIT_002,73.88,39.9,2.22,0
2024-01-15 09:15:00,UNIT_003,74.21,41.9,2.89,0
2024-01-15 09:20:00,UNIT_001,74.69,39.7,2.99,0
2024-01-15 09:20:00,UNIT_002,72.13,42.6,0.5,0
2024-01-15 09:20:00,UNIT_003,73.18,39.5,2.04,0
2024-01-15 09:25:00,UNIT_001,71.72,32.5,0.5,0
2024-01-15 09:25:00,UNIT_002,75.64,42.8,2.28,0
2024-01-15 09:25:00,UNIT_003,71.76,31.3,0.5,0
2024-01-15 09:30:00,UNIT_001,73.93,44.8,2.37,0
2024-01-15 09:30:00,UNIT_002,72.89,31.6,0.5,0
2024-01-15 09:30:00,UNIT_003,70.75,33.5,0.5,0
2024-01-15 09:35:00,UNIT_001,70.97,31.7,0.5,0
2024-01-15 09:35:00,UNIT_002,73.4,34.7,2.81,0
2024-01-15 09:35:00,UNIT_003,73.5,39.8,2.14,0
2024-01-15 09:40:00,UNIT_001,71.36,35.2,0.5,0
2024-01-15 09:40:00,UNIT_002,70.3,38.7,0.5,0
2024-01-15 09:40:00,UNIT_003,72.58,36.3,0.5,0
2024-01-15 09:45:00,UNIT_001,73.58,40.1,2.11,0
2024-01-15 09:45:00,UNIT_002,74.23,32.6,2.12,0
2024-01-15 09:45:00,UNIT_003,72.4,38.8,0.5,0
2024-01-15 09:50:00,UNIT_001,71.95,39.9,0.5,0
2024-01-15 09:50:00,UNIT_002,72.78,33.1,0.5,0
2024-01-15 09:50:00,UNIT_003,74.34,37.2,2.84,0
2024-01-15 09:55:00,UNIT_001,74.01,33.8,2.29,0
2024-01-15 09:55:00,UNIT_002,71.24,36.6,0.5,0
2024-01-15 09:55:00,UNIT_003,72.79,39.1,0.5,0
2024-01-15 10:00:00,UNIT_001,74.98,36.0,2.87,0
2024-01-15 10:00:00,UNIT_002,71.57,29.1,0.5,0
2024-01-15 10:00:00,UNIT_003,74.27,34.5,2.77,0
2024-01-15 10:05:00,UNIT_001,73.77,38.4,3.25,0
2024-01-15 10:05:00,UNIT_002,74.53,36.7,2.41,0
2024-01-15 10:05:00,UNIT_003,75.77,31.8,3.04,0
2024-01-15 10:10:00,UNIT_001,76.27,41.2,3.22,0
2024-01-15 10:10:00,UNIT_002,73.3,36.7,2.83,0
2024-01-15 10:10:00,UNIT_003,72.58,31.9,0.5,0
2024-01-15 10:15:00,UNIT_001,72.2,29.5,0.5,0
2024-01-15 10:15:00,UNIT_002,71.14,32.6,0.5,0
2024-01-15 10:15:00,UNIT_003,74.6,39.3,2.49,0
2024-01-15 10:20:00,UNIT_001,73.67,32.8,2.07,0
2024-01-15 10:20:00,UNIT_002,72.04,32.9,0.5,0
2024-01-15 10:20:00,UNIT_003,75.78,43.2,2.36,0
2024-01-15 10:25:00,UNIT_001,73.89,39.6,2.2,0
2024-01-15 10:25:00,UNIT_002,72.22,38.7,0.5,0
2024-01-15 10:25:00,UNIT_003,74.1,33.4,2.67,0
2024-01-15 10:30:00,UNIT_001,74.37,39.2,2.1,0
2024-01-15 10:30:00,UNIT_002,71.45,39.5,0.5,0
2024-01-15 10:30:00,UNIT_003,74.47,39.5,3.2,0
2024-01-15 10:35:00,UNIT_001,73.45,40.3,2.07,0
2024-01-15 10:35:00,UNIT_002,74.1,34.0,2.85,0
2024-01-15 10:35:00,UNIT_003,75.41,37.3,1.89,0
2024-01-15 10:40:00,UNIT_001,72.21,43.1,0.5,0
2024-01-15 10:40:00,UNIT_002,71.34,40.2,0.5,0
2024-01-15 10:40:00,UNIT_003,69.18,33.0,0.5,0
2024-01-15 10:45:00,UNIT_001,72.5,42.9,0.5,0
2024-01-15 10:45:00,UNIT_002,73.61,38.8,2.85,0
2024-01-15 10:45:00,UNIT_003,77.61,43.2,2.1,0
2024-01-15 10:50:00,UNIT_001,70.74,43.4,0.5,0
2024-01-15 10:50:00,UNIT_002,72.99,35.3,0.5,0
2024-01-15 10:50:00,UNIT_003,73.89,40.8,2.13,0
2024-01-15 10:55:00,UNIT_001,73.44,35.3,2.24,0
2024-01-15 10:55:00,UNIT_002,71.88,31.3,0.5,0
2024-01-15 10:55:00,UNIT_003,74.39,35.5,2.89,0
2024-01-15 11:00:00,UNIT_001,74.38,41.3,2.33,0
2024-01-15 11:00:00,UNIT_002,74.72,38.5,2.42,0
2024-01-15 11:00:00,UNIT_003,73.33,38.7,2.93,0
2024-01-15 11:05:00,UNIT_001,72.61,34.0,0.5,0
2024-01-15 11:05:00,UNIT_002,74.74,38.4,2.52,0
2024-01-15 11:05:00,UNIT_003,73.47,31.2,2.73,0
2024-01-15 11:10:00,UNIT_001,73.53,37.5,2.59,0
2024-01-15 11:10:00,UNIT_002,73.77,28.3,2.73,0
2024-01-15 11:10:00,UNIT_003,75.01,35.7,2.84,0
2024-01-15 11:15:00,UNIT_001,75.38,30.2,2.39,0
2024-01-15 11:15:00,UNIT_002,75.09,29.3,2.16,0
2024-01-15 11:15:00,UNIT_003,73.24,40.5,2.16,0
2024-01-15 11:20:00,UNIT_001,72.76,37.4,0.5,0
2024-01-15 11:20:00,UNIT_002,74.88,37.2,2.54,0
2024-01-15 11:20:00,UNIT_003,74.35,30.9,2.57,0
2024-01-15 11:25:00,UNIT_001,72.5,38.1,0.5,0
2024-01-15 11:25:00,UNIT_002,74.62,29.5,2.94,0
2024-01-15 11:25:00,UNIT_003,70.41,36.0,0.5,0
2024-01-15 11:30:00,UNIT_001,75.0,33.4,2.34,0
2024-01-15 11:30:00,UNIT_002,73.25,37.2,2.13,0
2024-01-15 11:30:00,UNIT_003,75.76,29.1,2.75,0
2024-01-15 11:35:00,UNIT_001,74.14,36.7,2.38,0
2024-01-15 11:35:00,UNIT_002,73.56,25.0,1.98,0
2024-01-15 11:35:00,UNIT_003,78.32,42.2,2.82,0
2024-01-15 11:40:00,UNIT_001,74.1,31.8,2.69,0
2024-01-15 11:40:00,UNIT_002,72.42,38.4,0.5,0
2024-01-15 11:40:00,UNIT_003,74.53,32.9,2.76,0
2024-01-15 11:45:00,UNIT_001,74.84,40.1,3.04,0
2024-01-15 11:45:00,UNIT_002,73.01,39.4,2.29,0
2024-01-15 11:45:00,UNIT_003,74.6,29.0,2.61,0
2024-01-15 11:50:00,UNIT_001,75.1,26.5,2.22,0
2024-01-15 11:50:00,UNIT_002,73.07,26.1,2.45,0
2024-01-15 11:50:00,UNIT_003,72.26,28.5,0.5,0
2024-01-15 11:55:00,UNIT_001,74.94,43.9,2.72,0
2024-01-15 11:55:00,UNIT_002,72.93,26.8,0.5,0
2024-01-15 11:55:00,UNIT_003,74.55,32.9,2.77,0
2024-01-15 12:00:00,UNIT_001,72.93,33.1,0.5,0
2024-01-15 12:00:00,UNIT_002,72.11,28.8,0.5,0
2024-01-15 12:00:00,UNIT_003,74.41,30.3,2.72,0
2024-01-15 12:05:00,UNIT_001,74.16,36.0,2.09,0
2024-01-15 12:05:00,UNIT_002,72.98,31.8,0.5,0
2024-01-15 12:05:00,UNIT_003,75.73,41.3,2.86,0
2024-01-15 12:10:00,UNIT_001,73.19,31.4,2.51,0
2024-01-15 12:10:00,UNIT_002,72.41,36.5,0.5,0
2024-01-15 12:10:00,UNIT_003,74.37,35.7,2.38,0
2024-01-15 12:15:00,UNIT_001,74.03,40.9,2.53,0
2024-01-15 12:15:00,UNIT_002,71.55,38.1,0.5,0
2024-01-15 12:15:00,UNIT_003,75.26,30.2,2.36,0
2024-01-15 12:20:00,UNIT_001,76.01,34.5,2.28,0
2024-01-15 12:20:00,UNIT_002,74.61,27.9,2.79,0
2024-01-15 12:20:00,UNIT_003,75.41,34.7,1.96,0
2024-01-15 12:25:00,UNIT_001,75.19,33.1,2.49,0
2024-01-15 12:25:00,UNIT_002,75.62,29.7,2.22,0
2024-01-15 12:25:00,UNIT_003,72.82,41.0,0.5,0
2024-01-15 12:30:00,UNIT_001,73.76,33.5,2.56,0
2024-01-15 12:30:00,UNIT_002,74.15,38.0,1.84,0
2024-01-15 12:30:00,UNIT_003,73.43,34.5,2.34,0
2024-01-15 12:35:00,UNIT_001,71.89,37.2,0.5,0
2024-01-15 12:35:00,UNIT_002,73.31,36.4,3.13,0
2024-01-15 12:35:00,UNIT_003,76.04,47.6,2.28,0
2024-01-15 12:40:00,UNIT_001,74.73,33.9,2.5,0
2024-01-15 12:40:00,UNIT_002,73.48,36.9,2.4,0
2024-01-15 12:40:00,UNIT_003,73.51,35.8,2.47,0
2024-01-15 12:45:00,UNIT_001,74.07,34.1,2.38,0
2024-01-15 12:45:00,UNIT_002,73.49,42.8,2.76,0
2024-01-15 12:45:00,UNIT_003,72.66,37.4,0.5,0
2024-01-15 12:50:00,UNIT_001,75.2,31.9,2.16,0
2024-01-15 12:50:00,UNIT_002,72.04,35.5,0.5,0
2024-01-15 12:50:00,UNIT_003,78.43,41.0,2.55,0
2024-01-15 12:55:00,UNIT_001,74.85,38.5,2.4,0
2024-01-15 12:55:00,UNIT_002,74.41,39.6,2.56,0
2024-01-15 12:55:00,UNIT_003,74.81,30.2,2.53,0
2024-01-15 13:00:00,UNIT_001,72.66,42.3,0.5,0
2024-01-15 13:00:00,UNIT_002,73.42,38.7,2.58,0
2024-01-15 13:00:00,UNIT_003,75.36,35.7,2.05,0
2024-01-15 13:05:00,UNIT_001,70.73,34.6,0.5,0
2024-01-15 13:05:00,UNIT_002,75.74,41.0,3.01,0
2024-01-15 13:05:00,UNIT_003,75.18,34.5,2.77,0
2024-01-15 13:10:00,UNIT_001,76.52,40.4,2.66,0
2024-01-15 13:10:00,UNIT_002,74.32,32.6,2.29,0
2024-01-15 13:10:00,UNIT_003,72.01,42.3,0.5,0
2024-01-15 13:15:00,UNIT_001,74.36,29.9,2.67,0
2024-01-15 13:15:00,UNIT_002,72.99,42.8,0.5,0
2024-01-15 13:15:00,UNIT_003,72.77,44.5,0.5,0
2024-01-15 13:20:00,UNIT_001,74.52,39.4,2.52,0
2024-01-15 13:20:00,UNIT_002,76.62,36.1,2.25,0
2024-01-15 13:20:00,UNIT_003,72.16,34.1,0.5,0
2024-01-15 13:25:00,UNIT_001,77.97,41.4,2.19,0
2024-01-15 13:25:00,UNIT_002,75.38,33.4,2.67,0
2024-01-15 13:25:00,UNIT_003,71.86,32.9,0.5,0
2024-01-15 13:30:00,UNIT_001,74.82,38.1,2.91,0
2024-01-15 13:30:00,UNIT_002,73.98,39.2,2.65,0
2024-01-15 13:30:00,UNIT_003,73.67,44.1,2.11,0
2024-01-15 13:35:00,UNIT_001,72.57,32.7,0.5,0
2024-01-15 13:35:00,UNIT_002,75.53,32.7,2.57,0
2024-01-15 13:35:00,UNIT_003,72.56,38.5,0.5,0
2024-01-15 13:40:00,UNIT_001,73.29,38.2,2.83,0
2024-01-15 13:40:00,UNIT_002,73.4,45.4,1.78,0
2024-01-15 13:40:00,UNIT_003,71.68,41.9,0.5,0
2024-01-15 13:45:00,UNIT_001,71.94,36.1,0.5,0
2024-01-15 13:45:00,UNIT_002,75.93,50.2,2.32,0
2024-01-15 13:45:00,UNIT_003,70.46,35.0,0.5,0
2024-01-15 13:50:00,UNIT_001,74.08,30.8,2.62,0
2024-01-15 13:50:00,UNIT_002,71.26,32.9,0.5,0
2024-01-15 13:50:00,UNIT_003,71.52,41.1,0.5,0
2024-01-15 13:55:00,UNIT_001,73.44,38.0,2.47,0
2024-01-15 13:55:00,UNIT_002,73.04,40.9,2.81,0
2024-01-15 13:55:00,UNIT_003,72.03,36.6,0.5,0
2024-01-15 14:00:00,UNIT_001,73.66,38.6,2.21,0
2024-01-15 14:00:00,UNIT_002,75.48,34.5,2.25,0
2024-01-15 14:00:00,UNIT_003,69.72,40.5,2.95,4
2024-01-15 14:05:00,UNIT_001,72.75,43.6,0.5,0
2024-01-15 14:05:00,UNIT_002,74.79,45.7,2.85,0
2024-01-15 14:05:00,UNIT_003,68.61,45.1,3.0,4
2024-01-15 14:10:00,UNIT_001,73.66,39.0,2.42,0
2024-01-15 14:10:00,UNIT_002,76.08,39.7,2.16,0
2024-01-15 14:10:00,UNIT_003,71.78,40.8,0.44,4
2024-01-15 14:15:00,UNIT_001,71.93,37.3,0.5,0
2024-01-15 14:15:00,UNIT_002,74.94,37.9,2.72,0
2024-01-15 14:15:00,UNIT_003,73.67,50.4,0.21,4
2024-01-15 14:20:00,UNIT_001,73.36,46.1,1.74,0
2024-01-15 14:20:00,UNIT_002,72.01,39.1,0.5,0
2024-01-15 14:20:00,UNIT_003,68.68,31.9,2.59,4
2024-01-15 14:25:00,UNIT_001,73.53,36.5,2.28,0
2024-01-15 14:25:00,UNIT_002,75.32,37.6,2.45,0
2024-01-15 14:25:00,UNIT_003,68.72,42.7,2.95,4
2024-01-15 14:30:00,UNIT_001,73.37,41.0,2.8,0
2024-01-15 14:30:00,UNIT_002,74.56,36.1,2.75,0
2024-01-15 14:30:00,UNIT_003,71.83,35.5,0.34,4
2024-01-15 14:35:00,UNIT_001,72.67,38.2,0.5,0
2024-01-15 14:35:00,UNIT_002,73.16,41.5,2.97,0
2024-01-15 14:35:00,UNIT_003,71.89,36.5,0.06,4
2024-01-15 14:40:00,UNIT_001,71.69,42.7,0.5,0
2024-01-15 14:40:00,UNIT_002,72.98,32.3,0.5,0
2024-01-15 14:40:00,UNIT_003,68.64,43.8,2.76,4
2024-01-15 14:45:00,UNIT_001,70.86,39.1,0.5,0
2024-01-15 14:45:00,UNIT_002,74.22,38.0,2.55,0
2024-01-15 14:45:00,UNIT_003,68.45,38.7,3.06,4
2024-01-15 14:50:00,UNIT_001,72.72,42.2,0.5,0
2024-01-15 14:50:00,UNIT_002,73.01,34.5,2.56,0
2024-01-15 14:50:00,UNIT_003,72.4,39.4,0.15,4
2024-01-15 14:55:00,UNIT_001,71.02,41.5,0.5,0
2024-01-15 14:55:00,UNIT_002,72.85,30.2,0.5,0
2024-01-15 14:55:00,UNIT_003,72.63,33.5,0.23,4
2024-01-15 15:00:00,UNIT_001,74.46,39.5,2.33,0
2024-01-15 15:00:00,UNIT_002,74.94,36.8,2.39,0
2024-01-15 15:00:00,UNIT_003,69.19,45.3,3.09,4
2024-01-15 15:05:00,UNIT_001,76.18,31.0,2.26,0
2024-01-15 15:05:00,UNIT_002,71.01,39.0,0.5,0
2024-01-15 15:05:00,UNIT_003,68.48,35.9,2.47,4
2024-01-15 15:10:00,UNIT_001,71.48,39.6,0.5,0
2024-01-15 15:10:00,UNIT_002,72.15,32.6,0.5,0
2024-01-15 15:10:00,UNIT_003,71.58,37.6,0.25,4
2024-01-15 15:15:00,UNIT_001,72.88,32.4,0.5,0
2024-01-15 15:15:00,UNIT_002,72.71,37.3,0.5,0
2024-01-15 15:15:00,UNIT_003,70.86,50.8,0.43,4
2024-01-15 15:20:00,UNIT_001,71.62,47.4,0.5,0
2024-01-15 15:20:00,UNIT_002,71.27,46.8,0.5,0
2024-01-15 15:20:00,UNIT_003,68.76,39.2,3.06,4
2024-01-15 15:25:00,UNIT_001,69.87,39.1,0.5,0
2024-01-15 15:25:00,UNIT_002,70.79,41.2,0.5,0
2024-01-15 15:25:00,UNIT_003,68.4,50.0,3.34,4
2024-01-15 15:30:00,UNIT_001,70.43,38.0,0.5,0
2024-01-15 15:30:00,UNIT_002,72.42,44.2,0.5,0
2024-01-15 15:30:00,UNIT_003,72.25,39.1,0.33,4
2024-01-15 15:35:00,UNIT_001,72.1,38.3,0.5,0
2024-01-15 15:35:00,UNIT_002,70.03,44.8,0.5,0
2024-01-15 15:35:00,UNIT_003,71.95,42.3,0.33,4
2024-01-15 15:40:00,UNIT_001,72.99,47.4,0.5,0
2024-01-15 15:40:00,UNIT_002,70.31,38.4,0.5,0
2024-01-15 15:40:00,UNIT_003,68.66,39.6,3.0,4
2024-01-15 15:45:00,UNIT_001,69.97,42.4,0.5,0
2024-01-15 15:45:00,UNIT_002,72.61,38.4,0.5,0
2024-01-15 15:45:00,UNIT_003,68.46,35.4,3.53,4
2024-01-15 15:50:00,UNIT_001,69.55,45.4,0.5,0
2024-01-15 15:50:00,UNIT_002,71.87,38.5,0.5,0
2024-01-15 15:50:00,UNIT_003,72.4,33.2,0.12,4
2024-01-15 15:55:00,UNIT_001,70.84,39.1,0.5,0
2024-01-15 15:55:00,UNIT_002,72.54,43.9,0.5,0
2024-01-15 15:55:00,UNIT_003,72.03,48.2,0.21,4
2024-01-15 16:00:00,UNIT_001,71.2,52.8,0.5,0
2024-01-15 16:00:00,UNIT_002,73.53,48.0,2.53,0
2024-01-15 16:00:00,UNIT_003,69.46,42.5,2.73,4
2024-01-15 16:05:00,UNIT_001,70.86,43.6,0.5,0
2024-01-15 16:05:00,UNIT_002,73.25,43.6,2.43,0
2024-01-15 16:05:00,UNIT_003,68.88,34.8,3.9,4
2024-01-15 16:10:00,UNIT_001,71.53,46.7,0.5,0
2024-01-15 16:10:00,UNIT_002,69.86,44.5,0.5,0
2024-01-15 16:10:00,UNIT_003,72.42,41.9,0.16,4
2024-01-15 16:15:00,UNIT_001,69.66,42.5,0.5,0
2024-01-15 16:15:00,UNIT_002,70.74,47.4,0.5,0
2024-01-15 16:15:00,UNIT_003,71.95,44.9,0.3,4
2024-01-15 16:20:00,UNIT_001,67.9,49.9,0.5,0
2024-01-15 16:20:00,UNIT_002,69.62,48.2,0.5,0
2024-01-15 16:20:00,UNIT_003,68.53,44.3,3.55,4
2024-01-15 16:25:00,UNIT_001,69.72,46.6,0.5,0
2024-01-15 16:25:00,UNIT_002,68.86,41.7,0.5,0
2024-01-15 16:25:00,UNIT_003,69.4,48.2,3.27,4
2024-01-15 16:30:00,UNIT_001,67.88,52.4,0.5,0
2024-01-15 16:30:00,UNIT_002,70.12,45.7,0.5,0
2024-01-15 16:30:00,UNIT_003,71.42,37.3,0.03,4
2024-01-15 16:35:00,UNIT_001,69.45,46.1,0.5,0
2024-01-15 16:35:00,UNIT_002,69.16,41.3,0.5,0
2024-01-15 16:35:00,UNIT_003,72.11,44.8,0.24,4
2024-01-15 16:40:00,UNIT_001,68.86,49.8,0.5,0
2024-01-15 16:40:00,UNIT_002,69.05,46.8,0.5,0
2024-01-15 16:40:00,UNIT_003,69.42,55.5,3.5,4
2024-01-15 16:45:00,UNIT_001,66.43,49.5,2.61,0
2024-01-15 16:45:00,UNIT_002,68.47,53.4,0.5,0
2024-01-15 16:45:00,UNIT_003,68.94,40.3,2.44,4
2024-01-15 16:50:00,UNIT_001,70.32,44.7,0.5,0
2024-01-15 16:50:00,UNIT_002,70.13,37.9,0.5,0
2024-01-15 16:50:00,UNIT_003,71.98,47.2,0.24,4
2024-01-15 16:55:00,UNIT_001,69.72,44.8,0.5,0
2024-01-15 16:55:00,UNIT_002,69.6,42.1,0.5,0
2024-01-15 16:55:00,UNIT_003,72.42,27.4,0.33,4
2024-01-15 17:00:00,UNIT_001,69.81,50.1,0.5,0
2024-01-15 17:00:00,UNIT_002,69.81,42.2,0.5,0
2024-01-15 17:00:00,UNIT_003,68.99,39.2,3.34,4
2024-01-15 17:05:00,UNIT_001,67.8,44.1,0.5,0
2024-01-15 17:05:00,UNIT_002,67.78,45.3,0.5,0
2024-01-15 17:05:00,UNIT_003,69.07,53.0,2.97,4
2024-01-15 17:10:00,UNIT_001,70.62,47.6,0.5,0
2024-01-15 17:10:00,UNIT_002,72.34,41.6,0.5,0
2024-01-15 17:10:00,UNIT_003,72.5,40.1,0.29,4
2024-01-15 17:15:00,UNIT_001,70.7,45.2,0.5,0
2024-01-15 17:15:00,UNIT_002,70.27,51.5,0.5,0
2024-01-15 17:15:00,UNIT_003,71.85,48.4,0.32,4
2024-01-15 17:20:00,UNIT_001,70.32,46.6,0.5,0
2024-01-15 17:20:00,UNIT_002,68.63,39.8,0.5,0
2024-01-15 17:20:00,UNIT_003,69.43,53.1,2.92,4
2024-01-15 17:25:00,UNIT_001,69.91,54.1,0.5,0
2024-01-15 17:25:00,UNIT_002,66.75,42.0,2.58,0
2024-01-15 17:25:00,UNIT_003,69.16,54.2,2.93,4
2024-01-15 17:30:00,UNIT_001,68.76,47.1,0.5,0
2024-01-15 17:30:00,UNIT_002,69.64,49.4,0.5,0
2024-01-15 17:30:00,UNIT_003,72.04,55.1,0.29,4
2024-01-15 17:35:00,UNIT_001,67.54,46.2,0.5,0
2024-01-15 17:35:00,UNIT_002,67.77,51.4,0.5,0
2024-01-15 17:35:00,UNIT_003,72.77,44.8,0.16,4
2024-01-15 17:40:00,UNIT_001,69.28,57.6,0.5,0
2024-01-15 17:40:00,UNIT_002,71.29,39.2,0.5,0
2024-01-15 17:40:00,UNIT_003,69.49,52.5,3.75,4
2024-01-15 17:45:00,UNIT_001,65.04,50.4,2.3,0
2024-01-15 17:45:00,UNIT_002,70.13,46.4,0.5,0
2024-01-15 17:45:00,UNIT_003,68.9,40.8,3.36,4
2024-01-15 17:50:00,UNIT_001,68.94,55.7,0.5,0
2024-01-15 17:50:00,UNIT_002,65.98,46.8,2.67,0
2024-01-15 17:50:00,UNIT_003,72.51,52.1,0.38,4
2024-01-15 17:55:00,UNIT_001,65.66,53.4,2.15,0
2024-01-15 17:55:00,UNIT_002,68.02,48.1,0.5,0
2024-01-15 17:55:00,UNIT_003,72.19,45.3,0.25,4
2024-01-15 18:00:00,UNIT_001,69.3,41.6,0.5,0
2024-01-15 18:00:00,UNIT_002,67.34,51.5,0.5,0
2024-01-15 18:00:00,UNIT_003,68.59,59.5,2.66,4
2024-01-15 18:05:00,UNIT_001,66.93,50.9,2.4,0
2024-01-15 18:05:00,UNIT_002,68.2,52.9,0.5,0
2024-01-15 18:05:00,UNIT_003,69.28,43.8,2.57,4
2024-01-15 18:10:00,UNIT_001,67.1,53.5,0.5,0
2024-01-15 18:10:00,UNIT_002,67.81,57.9,0.5,0
2024-01-15 18:10:00,UNIT_003,71.4,52.8,0.35,4
2024-01-15 18:15:00,UNIT_001,66.21,52.1,2.3,0
2024-01-15 18:15:00,UNIT_002,67.19,48.7,0.5,0
2024-01-15 18:15:00,UNIT_003,71.64,52.0,0.13,4
2024-01-15 18:20:00,UNIT_001,69.96,55.1,0.5,0
2024-01-15 18:20:00,UNIT_002,69.33,36.4,0.5,0
2024-01-15 18:20:00,UNIT_003,69.88,42.1,2.87,4
2024-01-15 18:25:00,UNIT_001,66.92,50.2,2.45,0
2024-01-15 18:25:00,UNIT_002,64.12,43.2,2.28,0
2024-01-15 18:25:00,UNIT_003,69.87,62.8,1.95,4
2024-01-15 18:30:00,UNIT_001,68.79,61.5,0.5,0
2024-01-15 18:30:00,UNIT_002,68.35,58.9,0.5,0
2024-01-15 18:30:00,UNIT_003,71.57,43.7,0.12,4
2024-01-15 18:35:00,UNIT_001,65.2,59.4,2.58,0
2024-01-15 18:35:00,UNIT_002,67.4,45.4,0.5,0
2024-01-15 18:35:00,UNIT_003,72.19,56.7,0.3,4
2024-01-15 18:40:00,UNIT_001,66.48,49.9,2.53,0
2024-01-15 18:40:00,UNIT_002,67.91,59.8,0.5,0
2024-01-15 18:40:00,UNIT_003,69.15,59.3,2.32,4
2024-01-15 18:45:00,UNIT_001,67.57,51.6,0.5,0
2024-01-15 18:45:00,UNIT_002,65.53,50.7,1.38,0
2024-01-15 18:45:00,UNIT_003,69.0,62.7,2.92,4
2024-01-15 18:50:00,UNIT_001,64.79,48.5,2.05,0
2024-01-15 18:50:00,UNIT_002,66.02,47.9,2.1,0
2024-01-15 18:50:00,UNIT_003,71.88,52.4,0.22,4
2024-01-15 18:55:00,UNIT_001,64.83,41.9,2.34,0
2024-01-15 18:55:00,UNIT_002,64.46,45.1,2.1,0
2024-01-15 18:55:00,UNIT_003,72.18,50.8,0.39,4
2024-01-15 19:00:00,UNIT_001,66.03,53.0,2.86,0
2024-01-15 19:00:00,UNIT_002,68.92,58.7,0.5,0
2024-01-15 19:00:00,UNIT_003,68.82,46.7,2.59,4
2024-01-15 19:05:00,UNIT_001,66.14,61.3,2.38,0
2024-01-15 19:05:00,UNIT_002,65.11,53.8,2.65,0
2024-01-15 19:05:00,UNIT_003,69.13,50.5,3.49,4
2024-01-15 19:10:00,UNIT_001,65.37,52.9,2.43,0
2024-01-15 19:10:00,UNIT_002,66.38,45.8,2.07,0
2024-01-15 19:10:00,UNIT_003,71.98,49.5,0.28,4
2024-01-15 19:15:00,UNIT_001,66.11,49.1,2.81,0
2024-01-15 19:15:00,UNIT_002,64.91,63.4,2.44,0
2024-01-15 19:15:00,UNIT_003,72.7,54.9,0.4,4
2024-01-15 19:20:00,UNIT_001,65.3,57.6,3.07,0
2024-01-15 19:20:00,UNIT_002,65.0,60.9,2.22,0
2024-01-15 19:20:00,UNIT_003,68.57,44.2,2.4,4
2024-01-15 19:25:00,UNIT_001,67.91,59.4,0.5,0
2024-01-15 19:25:00,UNIT_002,66.73,53.0,1.92,0
2024-01-15 19:25:00,UNIT_003,69.05,57.1,2.64,4
2024-01-15 19:30:00,UNIT_001,69.36,56.7,0.5,0
2024-01-15 19:30:00,UNIT_002,68.35,53.0,0.5,0
2024-01-15 19:30:00,UNIT_003,71.42,66.2,0.24,4
2024-01-15 19:35:00,UNIT_001,68.47,52.5,0.5,0
2024-01-15 19:35:00,UNIT_002,67.59,43.0,0.5,0
2024-01-15 19:35:00,UNIT_003,71.51,56.0,0.41,4
2024-01-15 19:40:00,UNIT_001,64.74,52.9,2.25,0
2024-01-15 19:40:00,UNIT_002,65.22,57.6,2.59,0
2024-01-15 19:40:00,UNIT_003,69.42,64.0,2.6,4
2024-01-15 19:45:00,UNIT_001,64.57,54.9,2.33,0
2024-01-15 19:45:00,UNIT_002,64.0,59.4,2.31,0
2024-01-15 19:45:00,UNIT_003,69.05,58.7,2.37,4
2024-01-15 19:50:00,UNIT_001,65.08,59.7,2.17,0
2024-01-15 19:50:00,UNIT_002,67.87,53.3,0.5,0
2024-01-15 19:50:00,UNIT_003,72.41,63.3,0.19,4
2024-01-15 19:55:00,UNIT_001,66.65,43.7,2.57,0
2024-01-15 19:55:00,UNIT_002,63.14,49.1,2.19,0
2024-01-15 19:55:00,UNIT_003,71.16,54.4,0.32,4
2024-01-15 20:00:00,UNIT_001,65.3,50.7,2.41,0
2024-01-15 20:00:00,UNIT_002,64.56,59.0,2.43,0
2024-01-15 20:00:00,UNIT_003,68.63,55.7,3.33,4
2024-01-15 20:05:00,UNIT_001,65.81,61.0,2.56,0
2024-01-15 20:05:00,UNIT_002,63.63,61.8,2.63,0
2024-01-15 20:05:00,UNIT_003,69.14,52.5,1.91,4
2024-01-15 20:10:00,UNIT_001,62.63,65.7,2.52,0
2024-01-15 20:10:00,UNIT_002,64.65,62.5,2.75,0
2024-01-15 20:10:00,UNIT_003,72.56,64.7,0.18,4
2024-01-15 20:15:00,UNIT_001,66.15,65.9,2.03,0
2024-01-15 20:15:00,UNIT_002,61.47,64.0,2.54,0
2024-01-15 20:15:00,UNIT_003,73.27,64.3,0.35,4
2024-01-15 20:20:00,UNIT_001,67.53,55.0,0.5,0
2024-01-15 20:20:00,UNIT_002,64.31,53.5,2.45,0
2024-01-15 20:20:00,UNIT_003,69.17,64.0,3.74,4
2024-01-15 20:25:00,UNIT_001,65.54,56.9,2.27,0
2024-01-15 20:25:00,UNIT_002,66.5,60.9,2.26,0
2024-01-15 20:25:00,UNIT_003,68.84,63.4,2.85,4
2024-01-15 20:30:00,UNIT_001,67.21,69.3,0.5,0
2024-01-15 20:30:00,UNIT_002,62.6,52.7,2.65,0
2024-01-15 20:30:00,UNIT_003,73.0,65.4,0.45,4
2024-01-15 20:35:00,UNIT_001,63.86,54.7,2.32,0
2024-01-15 20:35:00,UNIT_002,66.66,58.9,2.62,0
2024-01-15 20:35:00,UNIT_003,71.78,57.6,0.38,4
2024-01-15 20:40:00,UNIT_001,63.01,67.3,3.22,0
2024-01-15 20:40:00,UNIT_002,62.46,56.1,1.77,2
2024-01-15 20:40:00,UNIT_003,69.04,56.8,2.34,4
2024-01-15 20:45:00,UNIT_001,67.52,61.0,0.5,0
2024-01-15 20:45:00,UNIT_002,65.25,54.2,2.73,0
2024-01-15 20:45:00,UNIT_003,69.52,65.3,2.91,4
2024-01-15 20:50:00,UNIT_001,63.96,56.7,2.49,0
2024-01-15 20:50:00,UNIT_002,65.52,59.1,2.28,0
2024-01-15 20:50:00,UNIT_003,71.37,58.0,0.28,4
2024-01-15 20:55:00,UNIT_001,63.15,65.4,2.58,0
2024-01-15 20:55:00,UNIT_002,64.12,65.5,2.03,0
2024-01-15 20:55:00,UNIT_003,72.37,70.0,0.33,4
2024-01-15 21:00:00,UNIT_001,65.04,70.0,2.44,0
2024-01-15 21:00:00,UNIT_002,64.59,63.1,2.39,0
2024-01-15 21:00:00,UNIT_003,68.83,68.2,3.75,4
2024-01-15 21:05:00,UNIT_001,67.93,60.1,0.5,0
2024-01-15 21:05:00,UNIT_002,66.17,69.8,2.9,0
2024-01-15 21:05:00,UNIT_003,69.26,52.3,3.62,4
2024-01-15 21:10:00,UNIT_001,64.82,56.7,2.9,0
2024-01-15 21:10:00,UNIT_002,65.45,60.8,2.93,0
2024-01-15 21:10:00,UNIT_003,70.78,56.2,0.27,4
2024-01-15 21:15:00,UNIT_001,66.04,52.8,2.33,0
2024-01-15 21:15:00,UNIT_002,65.32,59.0,2.5,0
2024-01-15 21:15:00,UNIT_003,71.65,63.7,0.22,4
2024-01-15 21:20:00,UNIT_001,64.97,51.4,2.05,0
2024-01-15 21:20:00,UNIT_002,64.05,63.5,2.78,0
2024-01-15 21:20:00,UNIT_003,69.34,58.6,2.64,4
2024-01-15 21:25:00,UNIT_001,66.38,67.2,2.43,0
2024-01-15 21:25:00,UNIT_002,64.54,69.3,2.68,0
2024-01-15 21:25:00,UNIT_003,68.91,62.2,4.04,4
2024-01-15 21:30:00,UNIT_001,67.29,62.9,0.5,0
2024-01-15 21:30:00,UNIT_002,65.04,53.1,2.65,0
2024-01-15 21:30:00,UNIT_003,71.73,63.3,0.28,4
2024-01-15 21:35:00,UNIT_001,62.59,63.8,2.45,0
2024-01-15 21:35:00,UNIT_002,64.73,67.3,2.41,0
2024-01-15 21:35:00,UNIT_003,71.99,52.4,0.28,4
2024-01-15 21:40:00,UNIT_001,64.99,64.1,3.02,0
2024-01-15 21:40:00,UNIT_002,64.08,57.9,2.21,0
2024-01-15 21:40:00,UNIT_003,68.93,54.4,3.07,4
2024-01-15 21:45:00,UNIT_001,64.97,59.1,2.6,0
2024-01-15 21:45:00,UNIT_002,64.07,60.3,2.58,0
2024-01-15 21:45:00,UNIT_003,69.44,64.0,3.72,4
2024-01-15 21:50:00,UNIT_001,63.5,59.2,2.28,0
2024-01-15 21:50:00,UNIT_002,63.91,60.7,2.43,0
2024-01-15 21:50:00,UNIT_003,72.37,64.3,0.33,4
2024-01-15 21:55:00,UNIT_001,65.31,66.3,2.29,0
2024-01-15 21:55:00,UNIT_002,64.32,60.7,2.23,0
2024-01-15 21:55:00,UNIT_003,72.3,61.3,0.32,4
2024-01-15 22:00:00,UNIT_001,63.38,61.3,2.72,0
2024-01-15 22:00:00,UNIT_002,63.71,55.7,2.26,0
2024-01-15 22:00:00,UNIT_003,68.95,65.3,2.92,4
2024-01-15 22:05:00,UNIT_001,64.19,69.9,2.48,0
2024-01-15 22:05:00,UNIT_002,67.15,56.1,0.5,0
2024-01-15 22:05:00,UNIT_003,68.69,65.4,2.54,4
2024-01-15 22:10:00,UNIT_001,64.81,63.9,2.53,0
2024-01-15 22:10:00,UNIT_002,64.22,66.0,2.38,0
2024-01-15 22:10:00,UNIT_003,71.88,54.9,0.43,4
2024-01-15 22:15:00,UNIT_001,63.21,69.9,2.21,0
2024-01-15 22:15:00,UNIT_002,65.19,70.0,2.56,0
2024-01-15 22:15:00,UNIT_003,71.72,61.7,0.23,4
2024-01-15 22:20:00,UNIT_001,65.9,57.8,2.17,0
2024-01-15 22:20:00,UNIT_002,64.93,64.5,2.5,0
2024-01-15 22:20:00,UNIT_003,68.73,63.2,2.87,4
2024-01-15 22:25:00,UNIT_001,64.72,64.2,2.79,0
2024-01-15 22:25:00,UNIT_002,63.49,66.7,2.61,0
2024-01-15 22:25:00,UNIT_003,69.39,67.4,2.25,4
2024-01-15 22:30:00,UNIT_001,63.65,67.0,2.57,0
2024-01-15 22:30:00,UNIT_002,66.02,70.0,2.37,0
2024-01-15 22:30:00,UNIT_003,71.56,65.4,0.23,4
2024-01-15 22:35:00,UNIT_001,65.71,65.1,2.59,0
2024-01-15 22:35:00,UNIT_002,63.42,62.2,2.75,0
2024-01-15 22:35:00,UNIT_003,71.88,67.9,0.3,4
2024-01-15 22:40:00,UNIT_001,63.45,70.0,2.73,0
2024-01-15 22:40:00,UNIT_002,65.28,64.3,3.08,0
2024-01-15 22:40:00,UNIT_003,68.85,62.5,2.16,4
2024-01-15 22:45:00,UNIT_001,64.23,67.1,2.57,0
2024-01-15 22:45:00,UNIT_002,61.55,65.6,2.87,0
2024-01-15 22:45:00,UNIT_003,68.5,61.2,3.08,4
2024-01-15 22:50:00,UNIT_001,64.9,62.6,2.14,0
2024-01-15 22:50:00,UNIT_002,67.6,61.7,0.5,0
2024-01-15 22:50:00,UNIT_003,72.63,59.4,0.38,4
2024-01-15 22:55:00,UNIT_001,62.93,66.3,2.94,0
2024-01-15 22:55:00,UNIT_002,64.63,66.8,2.72,0
2024-01-15 22:55:00,UNIT_003,71.44,63.0,0.37,4
2024-01-15 23:00:00,UNIT_001,64.5,64.0,2.84,0
2024-01-15 23:00:00,UNIT_002,62.74,66.4,2.56,0
2024-01-15 23:00:00,UNIT_003,68.48,67.9,3.04,4
2024-01-15 23:05:00,UNIT_001,66.71,64.3,2.45,0
2024-01-15 23:05:00,UNIT_002,66.23,61.4,2.88,0
2024-01-15 23:05:00,UNIT_003,68.62,66.4,2.56,4
2024-01-15 23:10:00,UNIT_001,65.77,64.7,2.43,0
2024-01-15 23:10:00,UNIT_002,62.81,67.1,2.76,0
2024-01-15 23:10:00,UNIT_003,71.62,67.7,0.32,4
2024-01-15 23:15:00,UNIT_001,66.15,63.0,2.52,0
2024-01-15 23:15:00,UNIT_002,64.74,65.0,2.96,0
2024-01-15 23:15:00,UNIT_003,71.75,59.2,0.3,4
2024-01-15 23:20:00,UNIT_001,62.59,63.2,2.3,0
2024-01-15 23:20:00,UNIT_002,66.57,65.3,2.25,0
2024-01-15 23:20:00,UNIT_003,68.57,70.0,4.09,4
2024-01-15 23:25:00,UNIT_001,65.44,57.4,2.85,0
2024-01-15 23:25:00,UNIT_002,64.11,67.4,2.4,0
2024-01-15 23:25:00,UNIT_003,69.22,66.6,3.3,4
2024-01-15 23:30:00,UNIT_001,65.91,66.6,2.26,0
2024-01-15 23:30:00,UNIT_002,65.37,67.7,1.93,0
2024-01-15 23:30:00,UNIT_003,72.0,62.2,0.42,4
2024-01-15 23:35:00,UNIT_001,64.28,62.7,2.77,0
2024-01-15 23:35:00,UNIT_002,65.01,66.7,2.42,0
2024-01-15 23:35:00,UNIT_003,71.64,66.3,0.28,4
2024-01-15 23:40:00,UNIT_001,65.75,70.0,2.53,0
2024-01-15 23:40:00,UNIT_002,63.66,65.9,2.25,0
2024-01-15 23:40:00,UNIT_003,68.9,66.6,2.35,4
2024-01-15 23:45:00,UNIT_001,65.59,63.1,3.11,0
2024-01-15 23:45:00,UNIT_002,65.65,63.4,2.59,0
2024-01-15 23:45:00,UNIT_003,68.77,67.0,2.51,4
2024-01-15 23:50:00,UNIT_001,64.59,61.9,2.48,0
2024-01-15 23:50:00,UNIT_002,62.57,70.0,2.41,0
2024-01-15 23:50:00,UNIT_003,72.17,54.6,0.29,4
2024-01-15 23:55:00,UNIT_001,65.25,63.1,2.77,0
2024-01-15 23:55:00,UNIT_002,62.66,55.4,2.66,0
2024-01-15 23:55:00,UNIT_003,72.05,58.6,0.45,4
